{"cameraMode":{"drawMode":0,"name":"Shaded","section":"Shading Mode"},"sceneLighting":false,"audioPlay":false,"sceneViewState":{"showFog":true,"showMaterialUpdate":false,"showSkybox":false,"showFlares":true,"showImageEffects":true,"showParticleSystems":true},"in2DMode":false,"pivot":{"x":-24.200000762939454,"y":3.759999990463257,"z":1.0},"rotation":{"x":0.6204666495323181,"y":-0.20723511278629304,"z":0.17472898960113526,"w":0.7358971834182739},"size":0.25980743765830996,"orthographic":false}