{"cameraMode":{"drawMode":0,"name":"Shaded","section":"Shading Mode"},"sceneLighting":false,"audioPlay":false,"sceneViewState":{"showFog":true,"showMaterialUpdate":false,"showSkybox":false,"showFlares":true,"showImageEffects":true,"showParticleSystems":true},"in2DMode":false,"pivot":{"x":0.11952435970306397,"y":1.858893871307373,"z":-2.2918899059295656},"rotation":{"x":0.07784372568130493,"y":0.8783780336380005,"z":-0.15332144498825074,"w":0.44596609473228457},"size":2.239156723022461,"orthographic":false}