{"cameraMode":{"drawMode":0,"name":"Shaded","section":"Shading Mode"},"sceneLighting":false,"audioPlay":false,"sceneViewState":{"showFog":true,"showMaterialUpdate":false,"showSkybox":false,"showFlares":true,"showImageEffects":true,"showParticleSystems":true},"in2DMode":false,"pivot":{"x":1.2968826293945313,"y":-0.14739370346069337,"z":-1.3712530136108399},"rotation":{"x":0.15439902245998383,"y":0.8236469030380249,"z":-0.2672976553440094,"w":0.4757525324821472},"size":1.7320514917373658,"orthographic":false}