{"cameraMode":{"drawMode":0,"name":"Shaded","section":"Shading Mode"},"sceneLighting":false,"audioPlay":false,"sceneViewState":{"showFog":true,"showMaterialUpdate":false,"showSkybox":false,"showFlares":true,"showImageEffects":true,"showParticleSystems":true},"in2DMode":false,"pivot":{"x":-48.79999923706055,"y":-29.5,"z":-24.80000114440918},"rotation":{"x":0.39994439482688906,"y":0.04122239351272583,"z":-0.018009653314948083,"w":0.9154350757598877},"size":82.69097900390625,"orthographic":true}